equipment_id,vibration_mean,vibration_std,temperature_mean,temperature_trend,pressure_mean,current_mean,rul
EQ_001,4.0397657342886975,2.580117414455813,87.25953892198353,0.011155878642894496,90.44785268810118,18.886616162330824,596.0234265711302
EQ_002,4.039906763630309,2.5752622899511266,87.26513247392978,0.01114786250373254,90.44173392147486,18.87902518972986,596.009323636969
EQ_003,4.036124167337292,2.577908730989083,87.24467952790863,0.011157652493452507,90.42828391929011,18.886118412892177,596.3875832662709
EQ_004,4.037481517415972,2.5783057337110966,87.24438510520089,0.011134781786173517,90.43449870931515,18.889206506645994,596.2518482584028
EQ_005,4.034949032389995,2.5698594954393776,87.25677405901081,0.011151001167602712,90.43949323672554,18.889651638538417,596.5050967610005
