{
  "vibration": {
    "min": 2.9400415395125274,
    "max": 3.060057060487472,
    "mean": 3.0000492999999997,
    "std": 0.020002586829157485
  },
  "temperature": {
    "min": 305.55435734250284,
    "max": 314.45676265749717,
    "mean": 310.00556,
    "std": 1.4837342191657208
  },
  "pressure": {
    "min": 100.09238122597202,
    "max": 207.662838774028,
    "mean": 153.87761,
    "std": 17.92840959134266
  },
  "current": {
    "min": 10.080108824635985,
    "max": 69.893711175364,
    "mean": 39.986909999999995,
    "std": 9.968933725121337
  },
  "rpm": {
    "min": 1000.9238122597203,
    "max": 2076.62838774028,
    "mean": 1538.7761,
    "std": 179.2840959134266
  },
  "tool_wear": {
    "min": 0.0,
    "max": 298.913439909909,
    "mean": 107.951,
    "std": 63.654146636636355
  }
}